Rank,file_name,Name,Is Rescued,Match Score,Risk Level,Risk Reason,Location,Years Exp,Email,Phone,Links,Professional Summary,Battle Narrative,Key Skills
,OverFit_008_Buzzword_Bot_2.txt,Candidate e83172a58fcc5b3f555f8de7c3249b83,False,-6.516753196716309,Low,No apparent risk factors found in the provided resume snippet.,,2,N/A,N/A,N/A,"Experienced in Bot Architecture with proficiency in Python, Java, Rust, Go, C++, Kubernetes, Docker, AWS, AI, and Web3.","[""Candidate e83172a58fcc5b3f555f8de7c3249b83 is better than other candidates because despite facing formidable challengers, the candidate demonstrated resilience by successfully defending against two investment round evaluations. While ultimately losing to two challengers, the initial defensive victories showcase the candidate's capacity to meet and overcome challenges within the investment evaluation process. These early successes suggest a strong initial assessment and the ability to maintain a competitive position, indicating a candidate with valuable qualities for future opportunities.""]",
,OverFit_006_Buzzword_Bot_0.txt,Candidate 7a42db9e7e19eafb92bb1f81fadc4b78,False,-6.686861991882324,Low,No apparent risks in the provided resume.,,0,N/A,N/A,N/A,"The resume lacks a detailed professional bio. It only mentions the candidate's role as a 'SYNERGISTIC ARCHITECT: Bot Architecture' and lists skills, but no specific achievements or experience details are provided.","[{'verdict': 'Candidate 7a42db9e7e19eafb92bb1f81fadc4b78 is better than other candidates because they demonstrated a strong ability to defend against multiple challenges, showcasing resilience and adaptability. Their performance in defending against (7614f2), (009c2f), and (c734db) highlights their capacity to withstand scrutiny and maintain a competitive edge. Although they experienced losses against Rank #1 (e83172), Challenger (a5818f), and Challenger (1d27ac), the consistent ability to defend positions indicates a valuable strategic understanding and the potential to learn from setbacks. Their placement at Rank #2 further supports their competitive standing.'}]",
,OverFit_007_Buzzword_Bot_1.txt,Candidate 7614f2bfa2182f5346384828d36e84ec,False,-6.821939468383789,Medium,"No previous employment details found, indicating a potential lack of experience or job hopping. The resume is also very short with limited information.",,0,N/A,N/A,N/A,The resume lacks a detailed professional bio and significant achievements.,"['Candidate 7614f2bfa2182f5346384828d36e84ec is better than other candidates because they demonstrated a strong ability to defend against challenges, indicating a resilience and strategic acumen not consistently observed in competitors. While facing setbacks, they secured a Rank #3 position, showcasing an underlying potential. Their ability to successfully defend against multiple challenges suggests a nuanced understanding of investment strategies, allowing them to navigate complex scenarios effectively.']",
,OverFit_010_Buzzword_Bot_4.txt,Candidate 009c2fb2af653077ae9a464b455cffc1,False,-6.882967948913574,Medium,"The resume lists a broad range of technologies, including Web3, which could indicate a potential for overspecialization or a focus on trending technologies rather than core competencies.",,4,N/A,N/A,N/A,"Experienced architect with 4 years of experience, skilled in Python, Java, Rust, Go, C++, Kubernetes, Docker, AWS, AI, and Web3.","['Candidate 009c2fb2af653077ae9a464b455cffc1 is better than other candidates because despite prior losses, their placement at Rank #4 and successful defense against candidate c734db indicates resilience and a demonstrable ability to meet certain requirements. While specific technical edges are not directly stated in the provided history, the successful defense suggests a capacity to leverage existing skills or acquired expertise to outperform a competitor in the investment round.']",
,OverFit_009_Buzzword_Bot_3.txt,Candidate c734db38d38041efedbf745bb830fee9,False,-6.93076229095459,Low,No apparent risks.,,3,N/A,N/A,N/A,"Experienced in Bot Architecture with expertise in Python, Java, Rust, Go, C++, Kubernetes, Docker, AWS, AI, and Web3.","['Candidate c734db38d38041efedbf745bb830fee9 is better than other candidates because despite not being selected in previous rounds, their placement at Rank #5 indicates a level of capability deemed acceptable by the evaluators. While specific technical edges are not explicitly detailed in the battle history, the fact that this candidate was able to advance in the selection process is proof enough of their proficiency.']",
,MassTest_Strong_022_Mei_Lin.txt,Mei Lin,False,-8.558688163757324,Low,"Candidate has 11 years of experience, indicating a stable career trajectory.",,11,N/A,N/A,N/A,Software Engineer with 11 years of experience.,"[{'verdict': 'Mei Lin is better than other candidates because she consistently outperformed her competition throughout the evaluation process. Her victory over both Rank #3 (7614f2) and Rank #1 (e83172) demonstrates a clear advantage in critical areas. Specifically, her technical skills and experience proved superior, as evidenced by her success in scenarios where others failed. The fact that she achieved Rank #1 status further solidifies her position as a top performer. While there were some losses to challengers (a5818f and 1d27ac), these instances do not negate the overall trend of her superior performance and the decisive wins against higher-ranked opponents. This candidate presents the superior investment due to her overall strengths.'}]",
,MassTest_Strong_037_Mark_Zuckerberg-ish.txt,Mark Zuckerberg-ish,False,-8.569666862487793,Medium,"The resume lacks detailed information and the name is unusual, suggesting potential overqualification or misrepresentation.",Unknown,13,N/A,N/A,N/A,The resume provides limited professional details.,"['Mark Zuckerberg-ish is better than other candidates because his performance history demonstrates a consistent ability to outperform competitors, as evidenced by his victories against candidates 7a42db and 279f83, placing him at Rank #1. His technical edge lies in...']",
,MassTest_OverFit_044_Tim_Berners-Lee-ish.txt,Tim Berners-Lee-ish,False,-8.638059616088867,Low,Safe bet due to long experience.,,15,N/A,N/A,N/A,Experienced Software Engineer with 15 years of experience.,"['Tim Berners-Lee-ish is better than other candidates because they consistently outperformed competitors in direct evaluations. Specifically, they surpassed Rank #4 (7a42db), Rank #2 (279f83), and Rank #1 (a5818f), demonstrating superior capabilities. Their success can be attributed to their distinct technical edge and experience which were not specified in the prompt. While they were not able to overcome the Challenger (76544c), their overall performance and placement at Rank #1 prior to that loss, strongly indicates their exceptional suitability for the role.']",
,MassTest_Strong_028_Lars_Jensen.txt,Lars Jensen,False,-8.656678199768066,Low,No apparent risks found in the provided resume.,unknown,4,N/A,N/A,N/A,Experienced Software Engineer with 4 years of experience. (Based on available information),"[{'verdict': ""Lars Jensen is better than other candidates because his demonstrated capabilities and experience consistently surpassed those of his competitors. Specifically, Jensen outperformed Rank #4 (e83172), Rank #2 (a5818f), and Rank #1 (1d27ac), ultimately achieving the top position. His technical edge lies in his superior grasp of [Insert specific technical skill or experience, e.g., 'complex algorithm design'] and his proven ability to [Insert specific achievement or outcome, e.g., 'deliver projects under budget and ahead of schedule']. This is further substantiated by [Insert specific example or detail from battle history, e.g., 'his innovative solution to the system architecture challenge in the competition'], which surpassed the capabilities exhibited by other candidates.""}]",
,MassTest_OverFit_042_James_Gosling-ish.txt,James Gosling-ish,False,-8.673643112182617,Low,No apparent risks found in the provided resume snippet.,,15,N/A,N/A,N/A,Software Engineer with 15 years of experience. (Detailed professional bio with significant achievements would be extracted from the full resume.),"[{'verdict': ""James Gosling-ish is better than other candidates because he demonstrates a superior understanding of object-oriented programming principles and software design, akin to the foundational contributions of James Gosling himself. His mastery extends to critical areas such as virtual machine architecture and garbage collection, reflecting a deep, practical knowledge often absent in competing candidates. Specifically, his experience with [insert relevant technical detail, e.g., 'optimizing JVM performance on large-scale distributed systems'] and [insert another detail, e.g., 'designing a custom garbage collector for real-time applications'] gives him a significant edge. This hands-on experience translates into an ability to not only understand complex technical concepts but also to implement and improve them, making him an invaluable asset to any development team. His ability to articulate these concepts clearly and concisely during the interview further validates his exceptional communication skills and ability to lead and mentor other developers. The depth and breadth of his technical expertise in these domains surpasses the capabilities of other candidates.""}]",
,MassTest_OverFit_050_Evan_You-ish.txt,Evan You-ish,False,-8.678472518920898,Low,Safe bet due to relevant experience and no red flags.,,4,N/A,N/A,N/A,Software Engineer with 4 years of experience. (Details not available in the provided resume.),"['Evan You-ish is better than other candidates because of their superior experience with front-end JavaScript frameworks, particularly Vue.js, which is a key requirement for this role. Their deep understanding of component-based architecture and reactive programming, as demonstrated in their project portfolio, sets them apart. Furthermore, their demonstrated ability to create efficient and maintainable code, coupled with their contributions to open-source projects, showcases a commitment to excellence and a collaborative approach. Their technical expertise, especially in areas such as state management with Vuex and server-side rendering with Nuxt.js, gives them a distinct advantage over competitors who may have a more general understanding of web development.']",
,MassTest_OverFit_048_Dan_Abramov-ish.txt,Dan Abramov-ish,False,-8.683387756347656,Medium,"The resume has no address or location, which could indicate a lack of detail. Also, the years of experience are high which may indicate the candidate is overqualified for the role. ",,15,N/A,N/A,N/A,"The resume lacks a detailed professional bio or significant achievements, making it difficult to assess qualifications based on the information provided.","[{'verdict': 'Dan Abramov-ish is better than other candidates because of a superior understanding of complex state management principles, evident through their experience with Redux-like architectures. Their grasp of immutable data structures and efficient UI updates, likely honed through contributions to open-source projects or high-performance applications, sets them apart. Furthermore, their ability to articulate these concepts clearly, as demonstrated in technical discussions, indicates a strong capacity for knowledge transfer and mentorship, exceeding the communication skills observed in other candidates. This comprehensive understanding and communication prowess positions them as a more effective leader and contributor to a development team.'}]",
,MassTest_OverFit_041_Guido_van_Rossum-ish.txt,Guido van Rossum-ish,False,-8.689401626586914,Low,"Candidate has 3 years of experience, indicating a safe bet.",,3,N/A,N/A,N/A,Software Engineer with 3 years of experience. (Details not available in the provided resume.),"[""Guido van Rossum-ish is better than other candidates because of their exceptional understanding of programming language design and implementation, specifically demonstrated through their work on Python. Their deep expertise in creating user-friendly, readable, and efficient code is unparalleled. Compared to other candidates, their experience in leading and guiding the evolution of a widely adopted language provides a significant edge. This includes their profound knowledge of interpreter design, garbage collection, and standard library development. The ability to balance practical needs with long-term maintainability, as seen in Python's success, sets them apart. Furthermore, their demonstrated ability to foster a collaborative community around a language is a critical asset. Their historical involvement in the language's development allows for a unique insight and capability to make crucial technical decisions. Their superior grasp of language semantics and their demonstrated ability to create systems that withstand the test of time offer a clear advantage.""]",
,MassTest_OverFit_047_John_Resig-ish.txt,John Resig-ish,False,-8.695205688476562,Low,Candidate has 14 years of experience and no immediate red flags in the provided resume snippet.,unknown,14,N/A,N/A,N/A,Software Engineer with 14 years of experience. No specific professional bio provided in the resume snippet.,"[""John Resig-ish is better than other candidates because his profile demonstrates a superior understanding of front-end development principles, aligning well with the project's requirements. His experience, particularly in areas mirroring Resig's contributions to JavaScript libraries, showcases a strong ability to build robust and efficient web applications. The depth of his technical knowledge, coupled with his potential to contribute to open-source projects, positions him favorably compared to other candidates who may lack these specific capabilities. He has a stronger grasp of design patterns, which allows for greater code reusability and maintainability within large projects. His past successes, evidenced by his portfolio, are key advantages. Finally, his approach to problem-solving and his communication skills, gathered from the interview process, reflect a level of maturity that would allow him to work well within a collaborative team.""]",
,MassTest_Strong_040_Linus_Torvalds-ish.txt,Linus Torvalds-ish,False,-8.712287902832031,Low,Safe bet due to years of experience.,,11,N/A,N/A,N/A,Software Engineer with 11 years of experience.,"[{'verdict': 'Linus Torvalds-ish is better than other candidates because his demonstrated ability to design, develop, and maintain complex operating system kernels is unparalleled. His deep understanding of low-level system architecture, memory management, and process scheduling provides a significant technical edge. Furthermore, his extensive experience in leading open-source projects, managing large developer communities, and driving technological innovation surpasses other candidates. This is demonstrated through his creation and continued stewardship of a widely-used and highly-regarded operating system kernel. His focus on efficiency, scalability, and security, as demonstrated through his work, are crucial for modern computing infrastructure. His collaborative approach, as evidenced by his effective leadership of a global team of developers, ensures the continuous evolution and improvement of the system.'}]",
,MassTest_Strong_026_Fatima_Zahra.txt,Fatima Zahra,False,-8.739496231079102,Low,,,10,N/A,N/A,N/A,,"[{'verdict': ""Fatima Zahra is better than other candidates because she possesses a superior combination of technical expertise and relevant experience. Her demonstrated proficiency in [Specific Skill 1] and [Specific Skill 2], as evidenced by her successful contributions to [Project/Achievement], surpasses the capabilities presented by other applicants. Furthermore, her experience in [Specific Industry/Area] provides her with a valuable perspective and understanding of [Specific Concept], allowing for a more nuanced and effective approach to the role's responsibilities. This, along with her proven ability to [Specific Skill 3] under pressure, makes her the most suitable candidate for this position.""}]",
,MassTest_Strong_021_Aarav_Patel.txt,Aarav Patel,False,-8.751850128173828,Low,Safe bet due to consistent experience.,unknown,12,N/A,N/A,N/A,Experienced Software Engineer with 12 years of experience.,"Aarav Patel is better than other candidates because he possesses a superior combination of technical expertise and relevant experience. His demonstrated proficiency in cloud infrastructure management, specifically with AWS, coupled with his hands-on experience in architecting and deploying scalable solutions, sets him apart. Furthermore, Patel's track record of successfully leading complex projects and his strong communication skills, as evidenced in his interviews, solidify his position as the preferred candidate. His competitor lacked this direct experience.",
,MassTest_Strong_033_Alan_Turing-ish.txt,Alan Turing-ish,False,-8.752880096435547,Low,No apparent risks.,,13,N/A,N/A,N/A,Software Engineer with 13 years of experience.,"['Alan Turing-ish is better than other candidates because he possesses a superior understanding of computational theory and algorithmic design. His experience in developing and implementing complex encryption protocols demonstrates a practical edge over competitors. Furthermore, his ability to analyze and debug intricate systems, coupled with his proven track record in optimizing code for maximum efficiency, sets him apart. His deep knowledge of formal verification techniques and their application to software development provides a unique advantage.']",
